Артикул,Изображения
"86108-4K-04-BK","https://technolight.ru//assets/cache_image/PROFI 48V/spot-42/products/86108-4K-04-BK/photo/86108-4K-04-BK_330x330_eb0.jpg,https://technolight.ru//assets/images/PROFI 48V/spot-42/products/86108-4K-04-BK/scheme/86108-4K-04-BK_scheme.svg"
"86108-3K-01-WW","https://technolight.ru//assets/cache_image/PROFI 48V/spot-42/products/86108-3K-01-WW/photo/86108-3K-01-WW_330x330_eb0.jpg,https://technolight.ru//assets/images/PROFI 48V/spot-42/products/86108-3K-01-WW/scheme/86108-3K-01-WW_scheme.svg"
"86108-4K-01-WW","https://technolight.ru//assets/cache_image/PROFI 48V/spot-42/products/86108-4K-01-WW/photo/86108-4K-01-WW_330x330_eb0.jpg,https://technolight.ru//assets/images/PROFI 48V/spot-42/products/86108-4K-01-WW/scheme/86108-4K-01-WW_scheme.svg"
"86108-4K-03-BK","https://technolight.ru//assets/cache_image/PROFI 48V/spot-42/products/86108-4K-03-BK/photo/86108-4K-03-BK_330x330_eb0.jpg,https://technolight.ru//assets/images/PROFI 48V/spot-42/products/86108-4K-03-BK/scheme/86108-4K-03-BK_scheme.svg"
"86108-4K-03-WH","https://technolight.ru//assets/cache_image/PROFI 48V/spot-42/products/86108-4K-03-WH/photo/86108-4K-03-WH_330x330_eb0.jpg,https://technolight.ru//assets/images/PROFI 48V/spot-42/products/86108-4K-03-WH/scheme/86108-4K-03-WH_scheme.svg"