Артикул,Изображения
"86113-4K-04-WH","https://technolight.ru//assets/cache_image/PROFI 48V/spot-50/products/86113-4K-04-WH/photo/86113-4K-04-WH_330x330_eb0.jpg,https://technolight.ru//assets/images/PROFI 48V/spot-50/products/86113-4K-04-WH/scheme/86113-4K-04-WH_scheme.svg"
"86113-3K-01-BK","https://technolight.ru//assets/cache_image/PROFI 48V/spot-50/products/86113-3K-01-BK/photo/86113-3K-01-BK_330x330_eb0.jpg,https://technolight.ru//assets/images/PROFI 48V/spot-50/products/86113-3K-01-BK/scheme/86113-3K-01-BK_scheme.svg"
"86113-3K-04-BK","https://technolight.ru//assets/cache_image/PROFI 48V/spot-50/products/86113-3K-04-BK/photo/86113-3K-04-BK_330x330_eb0.jpg,https://technolight.ru//assets/images/PROFI 48V/spot-50/products/86113-3K-04-BK/scheme/86113-3K-04-BK_scheme.svg"
"86113-4K-01-BK","https://technolight.ru//assets/cache_image/PROFI 48V/spot-50/products/86113-4K-01-BK/photo/86113-4K-01-BK_330x330_eb0.jpg,https://technolight.ru//assets/images/PROFI 48V/spot-50/products/86113-4K-01-BK/scheme/86113-4K-01-BK_scheme.svg"
"86113-4K-04-BK","https://technolight.ru//assets/cache_image/PROFI 48V/spot-50/products/86113-4K-04-BK/photo/86113-4K-04-BK_330x330_eb0.jpg,https://technolight.ru//assets/images/PROFI 48V/spot-50/products/86113-4K-04-BK/scheme/86113-4K-04-BK_scheme.svg"