Артикул,Изображения
"86212-4K-01-WH","https://technolight.ru//assets/cache_image/PROFI 48V/line-600/products/86212-4K-01-WH/photo/86212-4K-01-WH_330x330_eb0.jpg,https://technolight.ru//assets/images/PROFI 48V/line-600/products/86212-4K-01-WH/scheme/86212-4K-01-WH_scheme.svg"
"86215-3K-03-BK","https://technolight.ru//assets/cache_image/PROFI 48V/line-900/products/86215-3K-03-BK/photo/86215-3K-03-BK_330x330_eb0.jpg,https://technolight.ru//assets/images/PROFI 48V/line-900/products/86215-3K-03-BK/scheme/86215-3K-03-BK_scheme.svg"
"86215-3K-04-BK","https://technolight.ru//assets/cache_image/PROFI 48V/line-900/products/86215-3K-04-BK/photo/86215-3K-04-BK_330x330_eb0.jpg,https://technolight.ru//assets/images/PROFI 48V/line-900/products/86215-3K-04-BK/scheme/86215-3K-04-BK_scheme.svg"
"86215-4K-03-BK","https://technolight.ru//assets/cache_image/PROFI 48V/line-900/products/86215-4K-03-BK/photo/86215-4K-03-BK_330x330_eb0.jpg,https://technolight.ru//assets/images/PROFI 48V/line-900/products/86215-4K-03-BK/scheme/86215-4K-03-BK_scheme.svg"
"86215-4K-04-BK","https://technolight.ru//assets/cache_image/PROFI 48V/line-900/products/86215-4K-04-BK/photo/86215-4K-04-BK_330x330_eb0.jpg,https://technolight.ru//assets/images/PROFI 48V/line-900/products/86215-4K-04-BK/scheme/86215-4K-04-BK_scheme.svg"