Артикул,Изображения
"86808-3K-03-BK","https://technolight.ru//assets/cache_image/PROFI 48V/globo-135-pendant/products/86808-3K-03-BK/photo/86808-3K-03-BK_330x330_eb0.jpg,https://technolight.ru//assets/images/PROFI 48V/globo-135-pendant/products/86808-3K-03-BK/scheme/86808-3K-03-BK_scheme.svg"
"86808-3K-04-BK","https://technolight.ru//assets/cache_image/PROFI 48V/globo-135-pendant/products/86808-3K-04-BK/photo/86808-3K-04-BK_330x330_eb0.jpg,https://technolight.ru//assets/images/PROFI 48V/globo-135-pendant/products/86808-3K-04-BK/scheme/86808-3K-04-BK_scheme.svg"
"86603-3K-01-BK","https://technolight.ru//assets/cache_image/PROFI 48V/tube-30/products/86603-3K-01-BK/photo/86603-3K-01-BK_330x330_eb0.jpg,https://technolight.ru//assets/images/PROFI 48V/tube-30/products/86603-3K-01-BK/scheme/86603-3K-01-BK_scheme.svg"
"86603-3K-01-WH","https://technolight.ru//assets/cache_image/PROFI 48V/tube-30/products/86603-3K-01-WH/photo/86603-3K-01-WH_330x330_eb0.jpg,https://technolight.ru//assets/images/PROFI 48V/tube-30/products/86603-3K-01-WH/scheme/86603-3K-01-WH_scheme.svg"
"86603-3K-03-BK","https://technolight.ru//assets/cache_image/PROFI 48V/tube-30/products/86603-3K-03-BK/photo/86603-3K-03-BK_330x330_eb0.jpg,https://technolight.ru//assets/images/PROFI 48V/tube-30/products/86603-3K-03-BK/scheme/86603-3K-03-BK_scheme.svg"