Артикул,Изображения
"86108-4K-03-WW","https://technolight.ru//assets/cache_image/PROFI 48V/spot-42/products/86108-4K-03-WW/photo/86108-4K-03-WW_330x330_eb0.jpg,https://technolight.ru//assets/images/PROFI 48V/spot-42/products/86108-4K-03-WW/scheme/86108-4K-03-WW_scheme.svg"
"86113-3K-01-WH","https://technolight.ru//assets/cache_image/PROFI 48V/spot-50/products/86113-3K-01-WH/photo/86113-3K-01-WH_330x330_eb0.jpg,https://technolight.ru//assets/images/PROFI 48V/spot-50/products/86113-3K-01-WH/scheme/86113-3K-01-WH_scheme.svg"
"86113-3K-03-BK","https://technolight.ru//assets/cache_image/PROFI 48V/spot-50/products/86113-3K-03-BK/photo/86113-3K-03-BK_330x330_eb0.jpg,https://technolight.ru//assets/images/PROFI 48V/spot-50/products/86113-3K-03-BK/scheme/86113-3K-03-BK_scheme.svg"
"86113-3K-03-WH","https://technolight.ru//assets/cache_image/PROFI 48V/spot-50/products/86113-3K-03-WH/photo/86113-3K-03-WH_330x330_eb0.jpg,https://technolight.ru//assets/images/PROFI 48V/spot-50/products/86113-3K-03-WH/scheme/86113-3K-03-WH_scheme.svg"
"86113-3K-03-WW","https://technolight.ru//assets/cache_image/PROFI 48V/spot-50/products/86113-3K-03-WW/photo/86113-3K-03-WW_330x330_eb0.jpg,https://technolight.ru//assets/images/PROFI 48V/spot-50/products/86113-3K-03-WW/scheme/86113-3K-03-WW_scheme.svg"