Артикул,Изображения
"86308-4K-04-BK","https://technolight.ru//assets/cache_image/PROFI 48V/darkline-180/products/86308-4K-04-BK/photo/86308-4K-04-BK_330x330_eb0.jpg,https://technolight.ru//assets/images/PROFI 48V/darkline-180/products/86308-4K-04-BK/scheme/86308-4K-04-BK_scheme.svg"
"86316-3K-01-BK","https://technolight.ru//assets/cache_image/PROFI 48V/darkline-350/products/86316-3K-01-BK/photo/86316-3K-01-BK_330x330_eb0.jpg,https://technolight.ru//assets/images/PROFI 48V/darkline-350/products/86316-3K-01-BK/scheme/86316-3K-01-BK_scheme.svg"
"86316-3K-03-BK","https://technolight.ru//assets/cache_image/PROFI 48V/darkline-350/products/86316-3K-03-BK/photo/86316-3K-03-BK_330x330_eb0.jpg,https://technolight.ru//assets/images/PROFI 48V/darkline-350/products/86316-3K-03-BK/scheme/86316-3K-03-BK_scheme.svg"
"86316-4K-01-BK","https://technolight.ru//assets/cache_image/PROFI 48V/darkline-350/products/86316-4K-01-BK/photo/86316-4K-01-BK_330x330_eb0.jpg,https://technolight.ru//assets/images/PROFI 48V/darkline-350/products/86316-4K-01-BK/scheme/86316-4K-01-BK_scheme.svg"
"86316-4K-03-BK","https://technolight.ru//assets/cache_image/PROFI 48V/darkline-350/products/86316-4K-03-BK/photo/86316-4K-03-BK_330x330_eb0.jpg,https://technolight.ru//assets/images/PROFI 48V/darkline-350/products/86316-4K-03-BK/scheme/86316-4K-03-BK_scheme.svg"