Артикул,Изображения
"86913-3K-04-WH","https://technolight.ru//assets/cache_image/PROFI 48V/spot-zoom-50/products/86913-3K-04-WH/photo/86913-3K-04-WH_330x330_eb0.jpg,https://technolight.ru//assets/images/PROFI 48V/spot-zoom-50/products/86913-3K-04-WH/scheme/86913-3K-04-WH_scheme.svg"
"86913-4K-01-WH","https://technolight.ru//assets/cache_image/PROFI 48V/spot-zoom-50/products/86913-4K-01-WH/photo/86913-4K-01-WH_330x330_eb0.jpg,https://technolight.ru//assets/images/PROFI 48V/spot-zoom-50/products/86913-4K-01-WH/scheme/86913-4K-01-WH_scheme.svg"
"86913-4K-03-BK","https://technolight.ru//assets/cache_image/PROFI 48V/spot-zoom-50/products/86913-4K-03-BK/photo/86913-4K-03-BK_330x330_eb0.jpg,https://technolight.ru//assets/images/PROFI 48V/spot-zoom-50/products/86913-4K-03-BK/scheme/86913-4K-03-BK_scheme.svg"
"86913-4K-03-WH","https://technolight.ru//assets/cache_image/PROFI 48V/spot-zoom-50/products/86913-4K-03-WH/photo/86913-4K-03-WH_330x330_eb0.jpg,https://technolight.ru//assets/images/PROFI 48V/spot-zoom-50/products/86913-4K-03-WH/scheme/86913-4K-03-WH_scheme.svg"
"86913-4K-04-WH","https://technolight.ru//assets/cache_image/PROFI 48V/spot-zoom-50/products/86913-4K-04-WH/photo/86913-4K-04-WH_330x330_eb0.jpg,https://technolight.ru//assets/images/PROFI 48V/spot-zoom-50/products/86913-4K-04-WH/scheme/86913-4K-04-WH_scheme.svg"