Артикул,Изображения
"86224-4K-01-BK","https://technolight.ru//assets/cache_image/PROFI 48V/line-1200/products/86224-4K-01-BK/photo/86224-4K-01-BK_330x330_eb0.jpg,https://technolight.ru//assets/images/PROFI 48V/line-1200/products/86224-4K-01-BK/scheme/86224-4K-01-BK_scheme.svg"
"86308-3K-01-WW","https://technolight.ru//assets/cache_image/PROFI 48V/darkline-180/products/86308-3K-01-WW/photo/86308-3K-01-WW_330x330_eb0.jpg,https://technolight.ru//assets/images/PROFI 48V/darkline-180/products/86308-3K-01-WW/scheme/86308-3K-01-WW_scheme.svg"
"86308-4K-01-WW","https://technolight.ru//assets/cache_image/PROFI 48V/darkline-180/products/86308-4K-01-WW/photo/86308-4K-01-WW_330x330_eb0.jpg,https://technolight.ru//assets/images/PROFI 48V/darkline-180/products/86308-4K-01-WW/scheme/86308-4K-01-WW_scheme.svg"
"86308-3K-01-BK","https://technolight.ru//assets/cache_image/PROFI 48V/darkline-180/products/86308-3K-01-BK/photo/86308-3K-01-BK_330x330_eb0.jpg,https://technolight.ru//assets/images/PROFI 48V/darkline-180/products/86308-3K-01-BK/scheme/86308-3K-01-BK_scheme.svg"
"86308-3K-03-BK","https://technolight.ru//assets/cache_image/PROFI 48V/darkline-180/products/86308-3K-03-BK/photo/86308-3K-03-BK_330x330_eb0.jpg,https://technolight.ru//assets/images/PROFI 48V/darkline-180/products/86308-3K-03-BK/scheme/86308-3K-03-BK_scheme.svg"