Артикул,Изображения
"86608-3K-04-BK","https://technolight.ru//assets/cache_image/PROFI 48V/tube-30/products/86608-3K-04-BK/photo/86608-3K-04-BK_330x330_eb0.jpg,https://technolight.ru//assets/images/PROFI 48V/tube-30/products/86608-3K-04-BK/scheme/86608-3K-04-BK_scheme.svg"
"86608-3K-04-WH","https://technolight.ru//assets/cache_image/PROFI 48V/tube-30/products/86608-3K-04-WH/photo/86608-3K-04-WH_330x330_eb0.jpg,https://technolight.ru//assets/images/PROFI 48V/tube-30/products/86608-3K-04-WH/scheme/86608-3K-04-WH_scheme.svg"
"86608-4K-01-BK","https://technolight.ru//assets/cache_image/PROFI 48V/tube-30/products/86608-4K-01-BK/photo/86608-4K-01-BK_330x330_eb0.jpg,https://technolight.ru//assets/images/PROFI 48V/tube-30/products/86608-4K-01-BK/scheme/86608-4K-01-BK_scheme.svg"
"86608-4K-01-WH","https://technolight.ru//assets/cache_image/PROFI 48V/tube-30/products/86608-4K-01-WH/photo/86608-4K-01-WH_330x330_eb0.jpg,https://technolight.ru//assets/images/PROFI 48V/tube-30/products/86608-4K-01-WH/scheme/86608-4K-01-WH_scheme.svg"
"86608-4K-03-BK","https://technolight.ru//assets/cache_image/PROFI 48V/tube-30/products/86608-4K-03-BK/photo/86608-4K-03-BK_330x330_eb0.jpg,https://technolight.ru//assets/images/PROFI 48V/tube-30/products/86608-4K-03-BK/scheme/86608-4K-03-BK_scheme.svg"