Артикул,Изображения
"86211-4K-03-BK","https://technolight.ru//assets/cache_image/PROFI 48V/line-600/products/86211-4K-03-BK/photo/86211-4K-03-BK_330x330_eb0.jpg,https://technolight.ru//assets/images/PROFI 48V/line-600/products/86211-4K-03-BK/scheme/86211-4K-03-BK_scheme.svg"
"86211-4K-04-BK","https://technolight.ru//assets/cache_image/PROFI 48V/line-600/products/86211-4K-04-BK/photo/86211-4K-04-BK_330x330_eb0.jpg,https://technolight.ru//assets/images/PROFI 48V/line-600/products/86211-4K-04-BK/scheme/86211-4K-04-BK_scheme.svg"
"86212-3K-01-BK","https://technolight.ru//assets/cache_image/PROFI 48V/line-600/products/86212-3K-01-BK/photo/86212-3K-01-BK_330x330_eb0.jpg,https://technolight.ru//assets/images/PROFI 48V/line-600/products/86212-3K-01-BK/scheme/86212-3K-01-BK_scheme.svg"
"86212-4K-01-BK","https://technolight.ru//assets/cache_image/PROFI 48V/line-600/products/86212-4K-01-BK/photo/86212-4K-01-BK_330x330_eb0.jpg,https://technolight.ru//assets/images/PROFI 48V/line-600/products/86212-4K-01-BK/scheme/86212-4K-01-BK_scheme.svg"
"86212-3K-01-WH","https://technolight.ru//assets/cache_image/PROFI 48V/line-600/products/86212-3K-01-WH/photo/86212-3K-01-WH_330x330_eb0.jpg,https://technolight.ru//assets/images/PROFI 48V/line-600/products/86212-3K-01-WH/scheme/86212-3K-01-WH_scheme.svg"