Артикул,Изображения
"86118-3K-04-BK","https://technolight.ru//assets/cache_image/PROFI 48V/spot-60/products/86118-3K-04-BK/photo/86118-3K-04-BK_330x330_eb0.jpg,https://technolight.ru//assets/images/PROFI 48V/spot-60/products/86118-3K-04-BK/scheme/86118-3K-04-BK_scheme.svg"
"86118-4K-01-BK","https://technolight.ru//assets/cache_image/PROFI 48V/spot-60/products/86118-4K-01-BK/photo/86118-4K-01-BK_330x330_eb0.jpg,https://technolight.ru//assets/images/PROFI 48V/spot-60/products/86118-4K-01-BK/scheme/86118-4K-01-BK_scheme.svg"
"86118-4K-04-BK","https://technolight.ru//assets/cache_image/PROFI 48V/spot-60/products/86118-4K-04-BK/photo/86118-4K-04-BK_330x330_eb0.jpg,https://technolight.ru//assets/images/PROFI 48V/spot-60/products/86118-4K-04-BK/scheme/86118-4K-04-BK_scheme.svg"
"86123-3K-01-BK","https://technolight.ru//assets/cache_image/PROFI 48V/spot-60/products/86123-3K-01-BK/photo/86123-3K-01-BK_330x330_eb0.jpg,https://technolight.ru//assets/images/PROFI 48V/spot-60/products/86123-3K-01-BK/scheme/86123-3K-01-BK_scheme.svg"
"86413-3K-01-BK","https://technolight.ru//assets/cache_image/PROFI 48V/line-turn-180/products/86413-3K-01-BK/photo/86413-3K-01-BK_330x330_eb0.jpg,https://technolight.ru//assets/images/PROFI 48V/line-turn-180/products/86413-3K-01-BK/scheme/86413-3K-01-BK_scheme.svg"