Артикул,Изображения
"86218-3K-01-BK","https://technolight.ru//assets/cache_image/PROFI 48V/line-900/products/86218-3K-01-BK/photo/86218-3K-01-BK_330x330_eb0.jpg,https://technolight.ru//assets/images/PROFI 48V/line-900/products/86218-3K-01-BK/scheme/86218-3K-01-BK_scheme.svg"
"86218-4K-01-BK","https://technolight.ru//assets/cache_image/PROFI 48V/line-900/products/86218-4K-01-BK/photo/86218-4K-01-BK_330x330_eb0.jpg,https://technolight.ru//assets/images/PROFI 48V/line-900/products/86218-4K-01-BK/scheme/86218-4K-01-BK_scheme.svg"
"86218-3K-01-WH","https://technolight.ru//assets/cache_image/PROFI 48V/line-900/products/86218-3K-01-WH/photo/86218-3K-01-WH_330x330_eb0.jpg,https://technolight.ru//assets/images/PROFI 48V/line-900/products/86218-3K-01-WH/scheme/86218-3K-01-WH_scheme.svg"
"86218-4K-01-WH","https://technolight.ru//assets/cache_image/PROFI 48V/line-900/products/86218-4K-01-WH/photo/86218-4K-01-WH_330x330_eb0.jpg,https://technolight.ru//assets/images/PROFI 48V/line-900/products/86218-4K-01-WH/scheme/86218-4K-01-WH_scheme.svg"
"86224-3K-01-BK","https://technolight.ru//assets/cache_image/PROFI 48V/line-1200/products/86224-3K-01-BK/photo/86224-3K-01-BK_330x330_eb0.jpg,https://technolight.ru//assets/images/PROFI 48V/line-1200/products/86224-3K-01-BK/scheme/86224-3K-01-BK_scheme.svg"