Артикул,Изображения
"86108-4K-01-WH","https://technolight.ru//assets/cache_image/PROFI 48V/spot-42/products/86108-4K-01-WH/photo/86108-4K-01-WH_330x330_eb0.jpg,https://technolight.ru//assets/images/PROFI 48V/spot-42/products/86108-4K-01-WH/scheme/86108-4K-01-WH_scheme.svg"
"86108-4K-04-WH","https://technolight.ru//assets/cache_image/PROFI 48V/spot-42/products/86108-4K-04-WH/photo/86108-4K-04-WH_330x330_eb0.jpg,https://technolight.ru//assets/images/PROFI 48V/spot-42/products/86108-4K-04-WH/scheme/86108-4K-04-WH_scheme.svg"
"86108-3K-01-BK","https://technolight.ru//assets/cache_image/PROFI 48V/spot-42/products/86108-3K-01-BK/photo/86108-3K-01-BK_330x330_eb0.jpg,https://technolight.ru//assets/images/PROFI 48V/spot-42/products/86108-3K-01-BK/scheme/86108-3K-01-BK_scheme.svg"
"86108-3K-04-BK","https://technolight.ru//assets/cache_image/PROFI 48V/spot-42/products/86108-3K-04-BK/photo/86108-3K-04-BK_330x330_eb0.jpg,https://technolight.ru//assets/images/PROFI 48V/spot-42/products/86108-3K-04-BK/scheme/86108-3K-04-BK_scheme.svg"
"86108-4K-01-BK","https://technolight.ru//assets/cache_image/PROFI 48V/spot-42/products/86108-4K-01-BK/photo/86108-4K-01-BK_330x330_eb0.jpg,https://technolight.ru//assets/images/PROFI 48V/spot-42/products/86108-4K-01-BK/scheme/86108-4K-01-BK_scheme.svg"