Артикул,Изображения
"86206-4K-01-BK","https://technolight.ru//assets/cache_image/PROFI 48V/line-300/products/86206-4K-01-BK/photo/86206-4K-01-BK_330x330_eb0.jpg,https://technolight.ru//assets/images/PROFI 48V/line-300/products/86206-4K-01-BK/scheme/86206-4K-01-BK_scheme.svg"
"86206-3K-01-WH","https://technolight.ru//assets/cache_image/PROFI 48V/line-300/products/86206-3K-01-WH/photo/86206-3K-01-WH_330x330_eb0.jpg,https://technolight.ru//assets/images/PROFI 48V/line-300/products/86206-3K-01-WH/scheme/86206-3K-01-WH_scheme.svg"
"86206-4K-01-WH","https://technolight.ru//assets/cache_image/PROFI 48V/line-300/products/86206-4K-01-WH/photo/86206-4K-01-WH_330x330_eb0.jpg,https://technolight.ru//assets/images/PROFI 48V/line-300/products/86206-4K-01-WH/scheme/86206-4K-01-WH_scheme.svg"
"86211-3K-03-BK","https://technolight.ru//assets/cache_image/PROFI 48V/line-600/products/86211-3K-03-BK/photo/86211-3K-03-BK_330x330_eb0.jpg,https://technolight.ru//assets/images/PROFI 48V/line-600/products/86211-3K-03-BK/scheme/86211-3K-03-BK_scheme.svg"
"86211-3K-04-BK","https://technolight.ru//assets/cache_image/PROFI 48V/line-600/products/86211-3K-04-BK/photo/86211-3K-04-BK_330x330_eb0.jpg,https://technolight.ru//assets/images/PROFI 48V/line-600/products/86211-3K-04-BK/scheme/86211-3K-04-BK_scheme.svg"