Артикул,Изображения
"86205-3K-03-BK","https://technolight.ru//assets/cache_image/PROFI 48V/line-300/products/86205-3K-03-BK/photo/86205-3K-03-BK_330x330_eb0.jpg,https://technolight.ru//assets/images/PROFI 48V/line-300/products/86205-3K-03-BK/scheme/86205-3K-03-BK_scheme.svg"
"86205-3K-04-BK","https://technolight.ru//assets/cache_image/PROFI 48V/line-300/products/86205-3K-04-BK/photo/86205-3K-04-BK_330x330_eb0.jpg,https://technolight.ru//assets/images/PROFI 48V/line-300/products/86205-3K-04-BK/scheme/86205-3K-04-BK_scheme.svg"
"86205-4K-03-BK","https://technolight.ru//assets/cache_image/PROFI 48V/line-300/products/86205-4K-03-BK/photo/86205-4K-03-BK_330x330_eb0.jpg,https://technolight.ru//assets/images/PROFI 48V/line-300/products/86205-4K-03-BK/scheme/86205-4K-03-BK_scheme.svg"
"86205-4K-04-BK","https://technolight.ru//assets/cache_image/PROFI 48V/line-300/products/86205-4K-04-BK/photo/86205-4K-04-BK_330x330_eb0.jpg,https://technolight.ru//assets/images/PROFI 48V/line-300/products/86205-4K-04-BK/scheme/86205-4K-04-BK_scheme.svg"
"86206-3K-01-BK","https://technolight.ru//assets/cache_image/PROFI 48V/line-300/products/86206-3K-01-BK/photo/86206-3K-01-BK_330x330_eb0.jpg,https://technolight.ru//assets/images/PROFI 48V/line-300/products/86206-3K-01-BK/scheme/86206-3K-01-BK_scheme.svg"